id,question,expected_fact,expected_id,chatbot_answer,predicate,judge_score,bot_answered
1,where was sasha vujačić born,Maribor,Q1010,"Sasha Vujačić was born in **Maribor, SR Slovenia, SFR Yugoslavia** (Source: https://en.wikipedia.org/wiki/Sasha_Vuja%C4%8Di%C4%87).",P19,1,True
2,What is a film directed by wiebke von carolsfeld?,Stay,Q14949730,"A film directed by Wiebke von Carolsfeld is **_Stay_ (2013)** (directed by **Wiebke von Carolsfeld**). According to the Wikidata result for “Stay,” it is “a 2013 film directed by Wiebke von Carolsfeld.” Source: https://www.wikidata.org/wiki/Q14949730",Q2568216,1,True
3,What was Seymour Parker Gilbert's profession?,diplomat,Q193391,"Seymour Parker Gilbert’s profession was **banker** (also described as **diplomat** and **lawyer** in the provided sources). - According to Wikidata (Wikidata entry for Seymour Parker Gilbert), his occupation includes **banker** and **diplomat** (“occupation · banker … diplomat”). (Source: https://www.wikidata.org/wiki/Q2275923) - Wikimedia Commons categorizes him with occupations **banker · diplomat · lawyer**. (Source: https://commons.wikimedia.org/wiki/Category:Seymour_Parker_Gilbert) - Wikipedia describes him as an **American lawyer, banker, politician and diplomat**. (Source: https://en.wikipedia.org/wiki/Seymour_Parker_Gilbert) - FRASER describes “S. Parker Gilbert, **lawyer, financier**, Treasury official…” (Source: https://fraser.stlouisfed.org/files/docs/historical/brookings/16807_01_0030.pdf)",P106,1,True
4,in what french city did antoine de févin die,Blois,Q160927,"Antoine de Févin died in **Blois** (France). According to the provided context, he “died at Blois” (Wikipedia: *Antoine de Févin*), and another source states he “died at Blois at the end of 1511” (Donemus: *Antoine de Févin*).",P20,1,True
5,What job does jamie hewlett have,film director,Q2526255,"According to the context provided: - **Comics artist** (Wikidata, and Wikimedia Commons category info) - Source: Wikidata reports “occupation · comics artist” for Jamie Hewlett (Result 1). - Source: Wikimedia Commons lists his occupation as “comics artist” (Result 2). - **Illustrator** - Source: Wikimedia Commons lists his occupation as “illustrator” (Result 2). - **Screenwriter** - Source: Wikimedia Commons lists his occupation as “screenwriter” (Result 2). - **Director** - Source: Wikimedia Commons lists his occupation as “director” (Result 2). - Source: IMDb says he is a “director and writer” (Result 5).",P106,0,True
6,what country is ghost house from,South Korea,Q884,- **United States** (Wikidata lists the film **“Ghost House” (2017)** as country of origin: **United States**.) — Source: Wikidata (https://www.wikidata.org/wiki/Q33104485) - **Thailand** (IMDb lists countries of origin as **United States** and **Thailand**.) — Source: IMDb (https://www.imdb.com/title/tt4365566/),P495,0,True
7,which country was the yamakinkarudu movie produced,India,Q668,"Yamakinkarudu was produced in **India**. - According to **Result 2** (IMDb), “Country of origin: **India**.”",P495,1,True
8,who is the chid of fritz leiber?,Justin Leiber,Q6317823,"The child of Fritz Leiber is **Justin Leiber** (also referred to as **Justin Fritz Leiber**, his “only child”). - Wikidata reports Fritz Leiber’s child as **Justin Leiber** (Source: https://www.wikidata.org/wiki/Q313185). - Wikipedia states that “Their only child… [is]… Justin Leiber” (Source: https://en.wikipedia.org/wiki/Fritz_Leiber). - IMDb also describes his only child/son as **Justin Fritz Leiber** (Source: https://www.imdb.com/name/nm0500020/).",P40,1,True
9,What was marcy rae's profession?,voice actor,Q2405480,"Marcy Rae’s profession was **voice actress, comedian, and singer** (as listed in the provided “Dubbing Wikia - Fandom” context: “Occupation. Voice Actress. Comedian. Singer.”).",P106,0,True
10,"What was bill hosket, jr.'s position",center,Q222052,"Bill Hosket Jr.’s position is **not stated** in the provided context. - The provided sources identify him as an American former professional basketball player (e.g., Wikipedia and the Ohio Basketball Hall of Fame page), but **they do not list a playing position** in the text shown in the context. - According to the Ohio Basketball Hall of Fame inductee page for Bill Hosket Jr. (2006 Charter Class), the page discusses his background and high school career but does not mention his position. - The Wikidata/Wikipedia entries shown likewise describe him as a basketball player without specifying a position in the provided context.",P413,0,True
11,what country in north america released the film  third man out,Canada,Q16,"From the provided context, **no North American country** is explicitly stated as a release location for *The Third Man*. What *is* stated: - The film is associated with the **United States** as one of its countries of origin (**IMDb**: “Countries of origin. United Kingdom · United States”). (Source: https://www.imdb.com/title/tt0041959/) - The **release dates listed** are for **France** and the **United Kingdom** only (France: September 1949 Cannes Film Festival; United Kingdom: September 1 and September 2, 1949). (Source: https://www.imdb.com/title/tt0041959/releaseinfo/)",P495,0,True
12,what is a live action action comedy film produce by spyglass entertainment,Halloween H20: 20 Years Later,Q1050815,A live action action comedy film produced by **Spyglass Entertainment** (as shown in the provided context) is: - **27 Dresses** — listed under “Films produced by Spyglass Entertainment” (Letterboxd) (Source: https://letterboxd.com/studio/spyglass-entertainment/) **Note:** The provided context does not include any other specific live action action comedy titles besides what’s shown in the Letterboxd list entry.,Q512858,0,True
13,Which genre is teri meri kahaani under,romance film,Q1054574,"According to the provided Wikidata entry for **“Teri Meri Kahaani”**, its genre is listed as: - **romance film** - **drama film** (inferred) (Source: https://www.wikidata.org/wiki/Q3518373)",P136,1,True
14,What is the genre of the artists weird war?,indie rock,Q183504,"The genre of **Weird War** is **indie rock**. (According to Wikipedia’s entry for *Weird War*.) Additionally, one source lists Weird War’s genres as **Punk Blues**, **Garage Psych**, and **Garage Rock**. (According to the RateYourMusic profile.)",P136,1,True
15,what's the name of a founder of ndtv,Prannoy Roy,Q12067653,"A founder of NDTV mentioned in the context is **Prannoy Roy** (described as “journalist Radhika Roy and her husband, economist Prannoy Roy” who founded New Delhi Television).",P112,1,True
16,which city was eric s. rosengren born in,Ridgewood,Q1677925,"Eric S. Rosengren was born in **Ridgewood, NJ** (Ridgewood, New Jersey). (According to the provided Wikidata-related context: “Birthplace: Ridgewood, NJ” and “Rosengren was born in Ridgewood, New Jersey.”)",P19,1,True
17,where was 8596 alchata discovered,Palomar Observatory,Q191684,"According to the “List of minor planets: 8001–9000” entry for **8596 Alchata**, it was discovered at **Palomar**. (Result 4)",P65,1,True
18,who was oort cloud named after,Jan Hendrik Oort,Q309861,"The Oort cloud was named after **Jan Oort** (a Dutch astronomer). According to *Oort cloud* (Wikipedia), it was proposed by Jan Oort and “in whose honor the idea was later named” (Source: https://en.wikipedia.org/wiki/Oort_cloud).",P138,1,True
19,where does the water in the canche come from,English Channel,Q34640,"According to Wikidata (Q1032916), the water in the Canche comes from **Gouy-en-Ternois** (“origin of the watercourse”).",P403,0,True
20,what disease claimed the life of fern emmett,cancer,Q12078,"Fern Emmett’s life was claimed by **cancer** (“She died of cancer on September 3, 1946”). (Source: Result 4)",P509,1,True
21,who wrote the book the silence of the lambs,Thomas Harris,Q313377,"The book **_The Silence of the Lambs_** was written by **Thomas Harris** (Wikidata reports the author as Thomas Harris, e.g., “The Silence of the Lambs … author · Thomas Harris”). Sources: **Wikidata (Q897685)**.",P50,1,True
22,what is helena christensen's nationality?,Denmark,Q35,Helena Christensen’s nationality is **Danish**. (According to Wikidata: “Danish model and photographer.” — https://www.wikidata.org/wiki/Q229397; and also described as a “Danish fashion model” in the Wikipedia and Wikimedia sources.),P27,1,True
23,of what nationality is harald bohr,Denmark,Q35,"Harald Bohr is **Danish** (his nationality/country of citizenship is the Kingdom of Denmark). - According to the biography entry, he was a **Danish** mathematician and footballer (“Harald August Bohr … was a Danish mathematician and footballer.” — Source: https://en.wikipedia.org/wiki/Harald_Bohr). - Wikimedia Commons also lists his country of citizenship as the **Kingdom of Denmark** (Source: https://commons.wikimedia.org/wiki/Category:Harald_Bohr_(mathematician)).",P27,1,True
24,What type of game is half-life 2?,first-person shooter,Q185029,Half-Life 2 is a **first-person shooter video game** (FPS). According to the provided context: - “**Half-Life 2** … **first-person shooter video game**.” (Wikidata: https://www.wikidata.org/wiki/Q193581) - “Half-Life 2 is a **2004 first-person shooter (FPS)** game…” (Wikipedia: https://en.wikipedia.org/wiki/Half-Life_2) - “Half-Life 2 is a **first person shooter** video game…” (Simple English Wikipedia: https://simple.wikipedia.org/wiki/Half-Life_2) - “landmark **first-person shooter**…” (Steam store page: https://store.steampowered.com/app/220/HalfLife_2/),P136,1,True
25,What Netflix genre can you expect to find forbidden floor in?,horror film,Q200092,"Based on the context provided, **Forbidden Floor** is a **South Korean horror film** (described as “a 2006 South Korean film” and part of the “4 Horror Tales” series).",P136,1,True
26,does david gottesman follow judaism or buddhism,Judaism,Q9268,"Based on the provided context, **David Gottesman is identified as following Judaism**, not Buddhism. - The Wikidata entries shown in the context list **“religion or worldview · Judaism”** for David Gottesman (Result 2: https://arz.wikipedia.org/wiki/d:Q5234271).",P140,1,True
27,What kind of motion picture is a place in the sun,romance film,Q1054574,“A Place in the Sun” is a **1951 American tragedy film**. (According to *A Place in the Sun (1951 film)* on Wikipedia: https://en.wikipedia.org/wiki/A_Place_in_the_Sun_(1951_film)),P136,0,True
28,What country is medford bryan evans from,United States,Q30,"From the provided context, **Medford Bryan Evans** is associated with the **United States** (birth: **Lufkin, Angelina County, Texas, USA**). According to the Wikidata excerpt for Medford Bryan Evans, he was **born in the USA** (“Lufkin, Angelina County · Texas, USA”).",P27,1,True
29,who is steve whan's parent?,Bob Whan,Q4934353,"Steve Whan’s parent is **Bob Whan** (“When my late father, **Bob Whan**…”). (Source: the Facebook post shown at “When my late father, Bob Whan, was elected…”, attributed to Steve Whan)",Q7614277,1,True
30,what is bink!'s profession?,singer,Q177220,"According to the provided context (Wikidata entry **“Bink”**), **Bink!**’s profession is an **American hip hop producer** (“American hip hop producer. Roosevelt Harrell III; Bink! Mr. Bink; …”). Source: Wikidata (**https://www.wikidata.org/wiki/Q2903949**).",P106,0,True
31,which language is spoken in gautam govinda,Hindi,Q1568,The language spoken in **Gautam Govinda** is **Hindi** (India). - Wikidata lists the **original language of the film or TV show as Hindi** (Wikidata for Gautam Govinda). - IMDb also lists the **language as Hindi** (IMDb title page for Gautam Govinda). - The description notes it as a **1979 Indian Hindi-language** film (Wikipedia entry for Gautam Govinda).,P364,1,True
32,What is peter schrøder's profession?,film actor,Q10800557,Peter Schrøder’s profession is **an American computer scientist** (he is described as “a professor of computer science at California Institute of Technology”). According to the provided context (Result 3: https://en.wikipedia.org/wiki/Peter_Schr%C3%B6der).,P106,0,True
33,Who wrote the film the family friend?,Paolo Sorrentino,Q374678,"According to the provided context, **Paolo Sorrentino** wrote *The Family Friend* (“Written by: Paolo Sorrentino”). (Source: https://en.wikipedia.org/wiki/The_Family_Friend)",P58,1,True
34,what is an album by shawn mullins,My Stupid Heart,Q39059334,An album by **Shawn Mullins** (from the provided context) is: - **Soul's Core** (publication date: **7 July 1998**) — listed as an album with performer **Shawn Mullins** (Wikidata: https://www.wikidata.org/wiki/Q7564148). - **9th Ward Pickin Parlor** (publication date: **2006**) — listed as an album with performer **Shawn Mullins** (Wikidata: https://www.wikidata.org/wiki/Q4646700).,Q1487770,0,True
35,what position does hamza Çakır have in football,defender,Q336286,"Hamza Çakır’s football position is **Defender** (also shown as **Centre-Back**). - According to **Result 1** (Wikidata/“position played on team / speciality”), his position is **defender**. - According to **Result 2** (Wikipedia), his position is **Defender**. - According to **Result 4** (Transfermarkt), he plays **Centre-Back**.",P413,1,True
36,Which sport does the staten island yankees play,baseball,Q5369,The **Staten Island Yankees** play **minor league baseball**. (According to the provided context from Wikipedia/Wikidata/Fandom/BR Bullpen: “minor league baseball team.”),P641,1,True
37,what kind of game is assassins creed: revelations,action-adventure game,Q343568,"According to the provided context, **Assassin’s Creed: Revelations** is an **action-adventure** and **stealth** game set in an **open world environment** and played from a **third-person perspective** (Wikidata description in Result 4: “action-adventure, stealth… open world… third-person”).",P136,1,True
38,who was a military personnel involved in world war ii,Luis Gerardo Afán de Ribera y Nestares,Q100082630,"From the provided context, the only explicitly named “military personnel involved in World War II” are the individuals listed under **“Category:American military personnel of World War II”** (Wikipedia). Those names shown in the context are: - Milton A. Abernethy - John Adair (anthropologist) - Robert Adair (physicist) - Carl S. Adams - Clinton Adams - Richard Newbold Adams - Warren Ajax (These names appear in **Result 4: “Category:American military personnel of World War II”**.)",Q362,0,True
39,which language is used throughout the film  high school musical: el desafío,Spanish,Q1321,"The film **High School Musical: El Desafío** uses **Spanish** throughout (it is described as a **Spanish** film in multiple sources). - According to **Wikidata (Q549661)**, *“Spanish”* is listed as the language for **High School Musical: El Desafío**. - According to **Wikipedia (2008 Mexican film)**, *“High School Musical: el desafío”* is a **Mexican** film (the language is indicated as Spanish in the provided context). - According to **SinclaireSebastian Fandom**, the **Language: Spanish** is explicitly stated for **High School Musical: El Desafio (Mexico)**. - According to **Disney Wiki – Fandom**, it references the Mexican version of Spanish dialogue and songs, consistent with the film being in Spanish. - According to **Wikipedia (2008 Argentine film)**, the film is also an **el desafío** title associated with Spanish-language versions in the provided context.",P364,1,True
40,What's an instrumental rock album?,Five,Q1001790,I couldn't find any relevant information.,Q1650296,0,True
41,who was merari's father,Levi,Q215512,"Merari’s father was **Zuriel** (a Levite of the family of Merari), as stated in the *Wikipedia: Jewish Encyclopedia topics/A1* entry: “**The father of Zuriel, a Levite of the family of Merari** (Num. iii. 35).”",Q2670550,1,True
42,what was the place of birth of william des vœux,Baden-Baden,Q4100,"William Des Vœux’s place of birth was **Baden-Baden**. - According to Wikidata (Q2607839), his “place of birth” is **Baden-Baden**. - According to Wikipedia (William Des Vœux), he was born in **Baden-Baden, Grand Duchy of Baden, German Confederation**. - According to the Canadian Biography (biographi.ca), he was born in **Baden-Baden (Germany)**.",P19,1,True
43,What is william wall's gender?,male,Q6581097,"From the provided context, **William Michael Wall** is listed with **sex or gender: male** (Wikidata page for Q8015610: “sex or gender · male. 0 references.”). (For other people named “William Wall” in the context—e.g., William Wall (writer) and Sean Saifa M. Wall—the context does not explicitly state a “gender” field in the same structured way.)",P21,1,True
44,what kinds of movie is dead man walking in netlix,drama film,Q130232,"On Netflix, **Dead Man Walking** is listed as a **Drama** (1995) — “R” — and it’s scheduled to be put to death after “brutally slaying two teens” (Matthew seeks …). Source: **Netflix title page for “Watch Dead Man Walking”** (https://www.netflix.com/title/426229)",P136,1,True
45,who directed robin hood,John Irvin,Q1700561,"According to the provided context, **Robin Hood** was directed by: - **Otto Bathurst** (the 2018 film) — “film directed by Otto Bathurst” / “directed by Otto Bathurst” (Wikidata result and Wikipedia result) - **Wolfgang Reitherman** (the 1973 animated film) — “animated film directed by Wolfgang Reitherman” (Wikidata result) - **Ridley Scott** (the 2010 film) — “Directed by Ridley Scott” / “directed by Ridley Scott” (IMDb and Wikipedia results)",P57,0,True
46,Which european city was claudin de sermisy when they die,Paris,Q90,Claudin de Sermisy died in **Paris**. (According to Wikidata: “place of death · Paris” for Claudin de Sermisy—https://www.wikidata.org/wiki/Q968593; also Britannica states he died in “Paris.”—https://www.britannica.com/biography/Claudin-de-Sermisy.),P20,1,True
47,What is a book by jules verne?,[Q100184407],Q100184407,One book by Jules Verne is **Twenty Thousand Leagues Under the Seas** (listed among his works on the “Jules Verne” page). Source: https://en.wikipedia.org/wiki/Jules_Verne,Q33977,0,True
48,What is the nationality of Daniel Gilfether?,United States,Q30,"Daniel Gilfether’s nationality is **American (United States)**. - According to the Italian Wikipedia entry, he was “un attore statunitense” (a U.S. actor) (“Daniel Gilfether (Boston, 17 gennaio 1849 – Long Beach, 3 maggio 1919) è stato un attore statunitense.”). - IMDb bio also states he was born in **Boston, Massachusetts, USA** (“Daniel Gilfether was born on 17 January 1849 in Boston, Massachusetts, USA.”).",P27,1,True
49,what type of music is on the album phenomenon,East Coast hip-hop,Q876171,"The album **Phenomenon** has the following music type/genre information in the provided context: - **Hip hop** (from *Phenomenon (LL Cool J album)* — “Genre · Hip hop”). - **Rock** and **Hard rock** (from *Phenomenon (UFO album)* — “Genre · Rock, Hard rock”).",P136,0,True
50,what is a 8833 acer,asteroid,Q3863,"An **8833 Acer** is an **asteroid**. - **According to Wikidata**, “8833 Acer” is an **asteroid** and the object is **named after Acer**; it **follows 8832 Altenrath** and is **followed by 8834 Anacardium**. (Source: https://www.wikidata.org/wiki/Q1192540) - **According to the RASC page**, it is an asteroid “**named for Aceraceae, the maple family**,” referencing genera/species of maple. (Source: https://www.rasc.ca/asteroid/8833) - **According to the tt.wikipedia page**, “(8833) Acer” is an asteroid located in the region between the **orbits of Mars and Jupiter** and it is named in honor of **Aceraceae (maple)**. (Source: https://tt.wikipedia.org/wiki/(8833)_Acer) - **According to in-the-sky.org**, its listed details include: **Right ascension: 07h28m, Declination: +09°10', Constellation: Canis Minor, Magnitude: 18.30 (V), Distance: 2.41 AU**. (Source: https://in-the-sky.org/data/object.php?id=A8833)",P31,1,True
51,who was involved in american revolutionary war?,Thomas Baker,Q100068781,People involved in the American Revolutionary War (as listed in the provided context) were: - Peyton Randolph - John Hancock - Benjamin Franklin - George Washington - Horatio Gates - Nathanael Greene - Henry Knox - John Sullivan Source: Wikidata “American Revolutionary War” (Result 1).,Q40949,0,True
52,what country is cuba crossing from?,United States,Q30,"According to the provided context (Wikidata), **“Cuba Crossing” is from the country of origin: _United States_** (“Assignment: Kill Castro; Sweet ... country of origin · United States”).",P495,1,True
53,who are dan abrams's parents,Floyd Abrams,Q3365171,The provided context does **not** state who Dan Abrams’s parents are. - The only “Dan Abrams” entries shown are biographical descriptions (Wikidata and Wikipedia) and **they do not list his parents** in the excerpt you provided.,Q15505371,0,True
54,who is the performer of this is my life,Shirley Bassey,Q234754,The performer of **“This Is My Life”** is **Shirley Bassey** (as shown in the release and the listed video titles).,P175,1,True
55,which country is timur zangiyev from,Russia,Q159,"From the provided context, **Timur Zangiyev is from Russia**. - Wikidata reports his **country of citizenship: Russia** (Wikidata for *Timur Zangiyev*, Q16653130: https://www.wikidata.org/wiki/Q16653130).",P27,1,True
56,what kind of book is the sheltering sky,novel,Q8261,According to the provided context: - **A novel** (“The Sheltering Sky” — *form of creative work · novel*) (Wikidata: https://www.wikidata.org/wiki/Q1988792) - **A 1949 novel** (Wikipedia: https://en.wikipedia.org/wiki/The_Sheltering_Sky) - **The first novel** of Paul Bowles (TV Tropes: https://tvtropes.org/pmwiki/pmwiki.php/Literature/TheShelteringSky) - It is a **book about alienation and existential despair** (Wikipedia: https://en.wikipedia.org/wiki/The_Sheltering_Sky),P136,1,True
57,what gender is nadine njeim,female,Q6581072,"According to the provided context (Wikidata results), **Nadine Njeim is female**: - **Nadine Nassib Njeim** — Wikidata reports sex or gender as **female** (Source: https://www.wikidata.org/wiki/Q12247665). - **Nadine Wilson Njeim** — Wikidata reports sex or gender as **female** (Source: https://www.wikidata.org/wiki/Q3869853).",P21,1,True
58,who is singer-songwriter,Jonathan Mendelsohn,Q100041926,"A **singer-songwriter** is **a musician who writes, composes, and sings (or performs) their own musical material**—including **lyrics and melodies**. This definition is supported by: - **Wikidata (Q488205):** “musician who writes, composes and sings own songs.” Source: https://www.wikidata.org/wiki/Q488205 - **Wikipedia (Singer-songwriter):** “musician who writes, composes, and performs their own musical material, including lyrics and melodies.” Source: https://en.wikipedia.org/wiki/Singer-songwriter Additionally, one source describes “singer-songwriter” as a **type of artist** (often solo performers who sing, play, and write their material), not necessarily a “real” standalone genre. Source: https://www.reddit.com/r/LetsTalkMusic/comments/k2oyf9/how_do_you_define_the_genre_singers",Q488205,0,True
59,which position does pop snyder play,catcher,Q1050571,"According to the context above, **Pop Snyder** plays the following positions: - **Catcher** (Wikidata: “Catcher / Manager / Umpire”) - **First Baseman** (Baseball-Reference: “Positions: Catcher and First Baseman”)",P413,1,True
60,what is  9297 marchuk,asteroid,Q3863,"**9297 Marchuk** is an **asteroid**. - According to the provided Wikidata result for **“9297 Marchuk”**, it is **instance of: asteroid** and it is **named after: Gury Marchuk**. It also **follows (9296) 1983 RB2** and is **followed by 9298 Geake**. (Wikidata link shown as “9297 Marchuk - Wikidata”) - The Esperanto Wikipedia entry lists details including: **dato de malkovro (discovery date): 25-a de junio 1984**, **loko de malkovro (discovery place): Nauĉno (Krimeo, Ukrainio)**, **orbitaj ecoj (orbital elements)**, and that it belongs to an **asteroida familio** and **asteroida zono**. (From “9297 Marchuk - Vikipedio”)",P31,1,True
61,what is a season of bigg boss (indian tv series),Bigg Boss 7,Q16243859,"A **season of Bigg Boss** is a numbered installment of the **Indian reality TV series “Bigg Boss (Hindi TV series)”**—the context notes that the show “has completed **nineteen seasons**” (and also has had “three OTT seasons”). Sources: - According to **Result 2** (“Bigg Boss (Hindi TV series)”), the show “completed nineteen seasons and three OTT (Over-the-Top) seasons.” - According to **Result 1** and **Result 3**, Bigg Boss seasons can be identified by their ordinal number (e.g., **season 19** and **Bigg Boss 17**).",Q284261,0,True
62,where was shlomo aronson born,Haifa,Q41621,"Shlomo Aronson was born in **Tel Aviv** (Wikidata reports **place of birth: Tel Aviv** — https://www.wikidata.org/wiki/Q1665898) and also in **Haifa** (both Wikidata and other sources state he was born in **Haifa**: https://www.tclf.org/tclf-mourns-loss-renowned-landscape-architect-shlomo-aronson, and https://en.wikipedia.org/wiki/Shlomo_Aronson_(landscape_architect)).",P19,1,True
63,what baseball position does fred cooke play?,outfielder,Q1142885,Fred Cooke’s baseball position is **Rightfielder** (listed as “Position: Rightfielder”). (According to the context in Result 1: “Fred Cooke. Position: Rightfielder.” / source: https://www.baseball-reference.com/players/c/cookefr01.shtml),P413,1,True
64,what city and state did joe bowman die in,Kansas City,Q41819,"Joe Bowman died in **Junction, Texas**. (Source: *Joe Bowman (marksman)*, which lists “Died, June 29, 2009… Junction, Texas”; https://en.wikipedia.org/wiki/Joe_Bowman_(marksman))",P20,0,True
65,what kind of music does peter elkas make?,pop music,Q37073,"According to the provided context, **Peter Elkas** makes **pop** and **rock** music (Wikidata lists his genre as *pop music*; Wikipedia lists his genres as *Pop* and *rock*).",P136,1,True
66,who in the world produced busting,Robert Chartoff,Q721027,"According to the provided context (Wikipedia entry for *Busting*), the production of **Busting** was done by: - **Robert Chartoff** - **Irwin Winkler**",P162,1,True
67,what is the place of birth of gottfried graf von bismarck-schönhausen,Berlin,Q64,"The place of birth of **Gottfried Graf von Bismarck-Schönhausen** is **Berlin**, according to Wikidata (place of birth: Berlin). (Wikidata reports: https://www.wikidata.org/wiki/Q73394)",P19,1,True
68,what gender is randy sanders,male,Q6581097,"The context does not explicitly state Randy Sanders’s gender. The only relevant detail shown about Randy Sanders is from a Wikipedia snippet (“Randy Sanders (born September 22, 1965) is an American former football coach.”), but it does not specify gender.",P21,0,True
69,which country is beira lake in,Sri Lanka,Q854,Beira Lake is in **Sri Lanka**. - Wikidata entry for Beira Lake lists the country as **Sri Lanka** (Source: https://www.wikidata.org/wiki/Q814829). - Wikipedia describes it as a lake in the centre of the city of **Colombo in Sri Lanka** (Source: https://en.wikipedia.org/wiki/Beira_Lake). - Wikimedia Commons category data also lists **Basin country: Sri Lanka** (Source: https://commons.wikimedia.org/wiki/Category:Beira_Lake).,P17,1,True
70,Who is an opera artist?,Rainer Trost,Q100376,I couldn't find any relevant information.,Q1344,0,True
71,who directed raffles,Sam Wood,Q457269,"From the provided context, the “Raffles” titles have the following directors: - **Raffles (1930 film)** — **George Fitzmaurice** (listed as the film’s director). *Source: Wikidata entry for Q1671105.* - **Raffles (1939 film)** — **Sam Wood**. *Source: https://en.wikipedia.org/wiki/Raffles_(1939_film).* - **The Raffle (1991 film)** — **Francesco Laudadio**. *Source: Wikidata entry for Q3212325.* - **Raffles (TV Movie 1975)** — **Christopher Hodson**. *Source: https://www.imdb.com/title/tt0073602/.*",P57,1,True
72,what gender is mario o'hara,male,Q6581097,"The provided context does **not** state Mario O’Hara’s gender directly. The only relevant items in the context are Wikidata “database reports” about **missing claims** (including “Missing sex or gender (P21)”), but they don’t provide a gender value for Mario O’Hara.",P21,0,True
73,tommy peoples plays what instrument,fiddle,Q510487,"Tommy Peoples plays the **fiddle** (violin). - According to the context, he was “an Irish **fiddler** who played in the Donegal fiddle tradition” (Source: https://en.wikipedia.org/wiki/Tommy_Peoples). - Wikidata also describes him with instrument **“violin”** (Source: https://www.wikidata.org/wiki/Q2012622).",P1303,1,True
74,what is the location of  sannappa parameshwar gaonkar death place,Ankola,Q583926,Sannappa Parameshwar Gaonkar’s death place is **Ankola**. - According to the Wikidata entry (Wikidata reports “place of death · Ankola”). (Source: https://www.wikidata.org/wiki/Q7418832) - The Wikipedia page excerpt also lists his death location as **Ankola**. (Source: https://en.wikipedia.org/wiki/Sannappa_Parameshwar_Gaonkar),P20,1,True
75,What is frederick h. prince's nationality?,United States,Q30,"Frederick H. Prince’s nationality is **American**. According to the context (Result 4: “Frederick Henry Prince … was an **American** stockbroker, investment banker and financier.”)",P27,1,True
76,Which label is sabrinawmusic signed to?,Cash Money Records,Q1047366,"The context says that **Sabrina Carpenter** is signed to **Universal Music Group’s Island Records** (“she had signed to Universal Music Group's Island Records”), according to the referenced entry for *Sabrina Carpenter* on Wikipedia. (Source: https://en.wikipedia.org/wiki/Sabrina_Carpenter) It also states in the UMPG news that she is “**(Island Records)**.” (Source: https://www.umusicpub.com/fr/News/2023/10/UMPG-signs-Sabrina-Carpenter-to-exclusive-worldwide-publishing-agreement.aspx)",P264,0,True
77,List an actor born in turkey,Tuncay Güneş,Q100587861,- **Ahmet Arıman** (Turkish actor) — according to Wikidata (https://www.wikidata.org/wiki/Q6078020) - **Celil Nalçakan** (Turkish actor) — according to Wikidata (https://www.wikidata.org/wiki/Q17045561) - **Cüneyt Mete** (Turkish actor) — according to Wikidata (https://www.wikidata.org/wiki/Q67014211),Q43,0,True
78,what is written by han suyin?,A Many-Splendoured Thing,Q1248108,"From the provided context, Han Suyin is described as having written: - **“Winter Love”** (listed as *Winter Love (McNally Editions)*) — according to **Result 4: “Han Suyin: Books”** - **“A Many -Splendored Thing”** — according to **Result 4: “Han Suyin: Books”** - **“Wind in the tower: Mao Tsetung …”** (partially shown) — according to **Result 4: “Han Suyin: Books”** The context also states (without listing exact titles) that **she “published autobiographical memoirs”** and **“wrote in English and French on modern China”** — according to **Result 2: Han Suyin**.",Q16400,1,True
79,what genre of music is the album almanac live 2004,alternative rock,Q11366,"According to the Discogs entry for **“They Might Be Giants – Almanac Live 2004”**, the album’s genre is **Rock** (style: **Alternative Rock**) (“They Might Be Giants – Almanac Live 2004” on Discogs).",P136,1,True
80,what is the country of origin of the tv program gimme a break!,United States,Q30,The country of origin of the TV program **“Gimme a Break!”** is **the United States**. - IMDb lists the **country of origin** as **United States** for *Gimme a Break! (TV Series 1981–1987)*. (Source: https://www.imdb.com/title/tt0081869/),P495,1,True
81,who is the author of the poseidon adventure?,Paul Gallico,Q709751,The author of **The Poseidon Adventure** is **Paul Gallico** (According to the context: “[The Poseidon Adventure] is a 1969 American adventure novel written by Paul Gallico.”).,P50,1,True
82,What is the gender of hsien wu?,male,Q6581097,"According to the provided context (Wikidata entry shown for **Wu Xianwen**), the gender of **Hsien Wu** is **male** (“sex or gender · male”). Source: https://www.wikidata.org/wiki/Q10885240.",P21,1,True
83,where was empedocles born,Agrigento,Q13678,"Empedocles was born in **Akragas (Acragas), on the island of Sicily** (Ancient Greece). - According to the provided external knowledge (Wikidata), he was a native citizen of **Akragas, a Greek city in Sicily**. - According to Britannica, he was born **in Acragas, Sicily**. - According to Famous Scientists, he says he was born **in Acragas, on the island of Sicily**.",P19,1,True
84,what country is ismo kallio from,Finland,Q33,"Ismo Kallio is from **Finland**. (Wikidata result text says he “was born on 16 December 1935 in **Turku, Finland**.”)",P27,1,True
85,what gender is steven blaney?,male,Q6581097,The context indicates that **Steven Blaney is male**. - **Wikidata (Result 1)** lists Steven Blaney with **sex or gender: male** (“sex or gender · male”). - **Wikidata (Result 2)** also lists Steven Blaney with **sex or gender: male** (“sex or gender · male”). Sources: https://www.wikidata.org/wiki/Q2347478 and https://www.wikidata.org/wiki/Q16204358.,P21,1,True
86,what did chris von der ahe die from?,liver cirrhosis,Q147778,"From the provided context, Chris von der Ahe “did” **own the St. Louis Brown Stockings** (described as “the owner of the St. Louis Brown Stockings”) (according to *Result 1* from the Wikipedia source link).",P509,0,True
87,What label is bill curbishley on?,Track Record,Q2142601,"The provided context does not state any label that Bill Curbishley is “on.” It only mentions his resignation from **Track Records** (as a company he resigned from). According to the Discogs entry (“Bill Curbishley Discography…”), he “eventually resigned from **Track Records** as the company disintegrated…” (Source: https://www.discogs.com/artist/254180-Bill-Curbishley).",P264,1,True
88,What is a 11762 vogel?,asteroid,Q3863,"“**(11762) Vogel**” is an **asteroid in the asteroid belt**. According to the Spanish Wikipedia entry, it was **discovered on 24 September 1960 by Ingrid van Houten-Groeneveld and Cornelis** (Wikidata context notes the name Hermann Carl Vogel as the namesake). Sources: - Spanish Wikipedia: “**(11762) Vogel … es un asteroide … descubierto el 24 de septiembre de 1960 por Ingrid van Houten-Groeneveld y Cornelis …**” - RASC page “Asteroid (11762) Vogel” identifies **Hermann Carl Vogel (1841–1907)** as the relevant person for “(11762) Vogel.”",P31,1,True
89,Who's a musician working with casablanca records,Four Seasons of Love,Q1003233,"The context lists these musicians who are working with **Casablanca Records**: - **Crystal Castles** (mentioned as having music released by Casablanca Records) - **C2C** (mentioned as having music released by Casablanca Records) - **Kavinsky** (mentioned as having music released by Casablanca Records) - **The …** (The context cuts off after “The ”, so the full name isn’t shown) Source: “Working with an international roster of both established and emerging artists, Casablanca has released music from Crystal Castles, C2C, Kavinsky, The …” (Wikipedia entry for *Casablanca Records*).",Q1046707,0,True
90,What is Daniel Garodnick's profession?,politician,Q82955,Daniel Garodnick’s profession is **Chair of the New York City Planning Commission** (and he also served as **president and chief executive officer of the Riverside Park Conservancy**). Sources: Wikidata results for Daniel Garodnick (Wikipedia) and MTA leadership page (Daniel Garodnick).,P106,1,True
91,who was the composer of the song all blues,Miles Davis,Q93341,"The composer of the song **“All Blues”** was **Miles Davis**. (According to *“All Blues” is a jazz composition by Miles Davis* in the context, Source: https://en.wikipedia.org/wiki/All_Blues; also listed as the composer in the MusicBrainz release entry, Source: https://musicbrainz.org/release/e8513f28-1b50-4fa4-b2e1-06de284529ab.)",P86,1,True
92,what is vivi bach's nationality?,Denmark,Q35,"Vivi Bach’s nationality is **Danish**. - According to Wikidata (“Danish actress and singer”), Vivi Bach is Danish. (Wikidata reports: https://www.wikidata.org/wiki/Q451483) - Wikipedia also describes her as a “Danish film actress.” (https://en.wikipedia.org/wiki/Vivi_Bach)",P27,1,True
93,what was candy csencsits's place of death,Tulsa County,Q489481,"Candy Csencsits’s place of death was **Tulsa County, Oklahoma, U.S.** (Wikidata reports Tulsa County for her place of death: https://www.wikidata.org/wiki/Q5032077; Wikipedia also states she died in Tulsa County, Oklahoma: https://en.wikipedia.org/wiki/Candy_Csencsits).",P20,1,True
94,which position does steve kirk play,forward,Q280658,"According to the provided context (Transfermarkt), **Steve Kirk’s position is Midfield**. (Source: “Steve Kirk - Player profile | Transfermarkt”)",P413,0,True
95,what position does mariano bogliacino play?,midfielder,Q193592,"Mariano Bogliacino’s playing position is listed as: - **Midfielder** (According to Wikidata, from the Spanish/German Wikipedia position played on team/speciality.) - **Central Midfield** (According to Transfermarkt.) - **Attacking Midfield: Left** (According to Transfermarkt.) - **CMF, SMF, AMF** (According to the Pro Evolution Soccer Wiki on Neoseeker.)",P413,1,True
97,Where is the place of birth of nguyen van toan,Huế,Q36167,The context provides two “place of birth” entries for **Nguyen Van Toan / Nguyễn Văn Toàn**: - **Huế** (Source: Wikidata for *Nguyen Van Toan* — https://www.wikidata.org/wiki/Q1934397) - **Hải Dương** (Source: Wikidata for *Nguyễn Văn Toàn* — https://www.wikidata.org/wiki/Q19577422; also shown in Transfermarkt — https://www.transfermarkt.us/van-toan-nguyen/profil/spieler/474559),P19,1,True
98,What category of celestial object (58219) 1992 wz2 considered,asteroid,Q3863,"The context provided does **not** state what category of celestial object **(58219) 1992 WZ2** is considered. The only related information shown is that **Hiroshi Kaneda** made discoveries including “**(58219) 1992 WZ2**” (as listed in Result 1, sourced from https://en.wikipedia.org/wiki/Hiroshi_Kaneda), but it does not describe the object’s category.",P31,0,True
99,where was ice hockey player kyle rossiter born?,Edmonton,Q2096,"Kyle Rossiter was born in **Edmonton, Alberta**. - According to **Kyle Rossiter | Ice Hockey Wiki - Fandom**, his birthplace is *“Edmonton, Alberta”*. - According to **48 Kyle Rossiter** (Facebook media set), he was born in *“Edmonton, Alberta”*. - According to **Kyle Rossiter - Stats, Contract, Salary & More** (Elite Prospects), his place of birth is *“Edmonton, AB, CAN”*.",P19,1,True
100,where was alex herschlag born,The Bronx,Q18426,"According to the provided context, **Alex Herschlag was born in _The Bronx, New York_**. (From “Alex Herschlag | Man with a Plan Wiki - Fandom” and also listed as “Birth Place: Bronx, New York, United States” on TVGuide.)",P19,1,True
101,What artist released manifesto?,Roxy Music,Q334648,The context mentions that **Roxy Music** released *Manifesto* (described as a “1979 studio album”). This is supported by **Result 1 (Wikidata)**: “Manifesto — 1979 studio album by Roxy Music.” (Source: https://www.wikidata.org/wiki/Q1950782),P175,1,True
